target,model,CV_RMSE,CV_MAE,CV_R2
HPI,Ridge,0.0005270019595155332,0.00040037459318924273,0.9655153506066247
HPI,RandomForest,0.0022279046906376098,0.0015295151104643065,0.5482248220270375
HPI,GradientBoosting,0.0017862834046812157,0.00120526659446454,0.7132636330058352
HPI,SVR,0.002704779611039987,0.0019143853251185963,0.4564151710078509
HEI,Ridge,0.012999008153631877,0.010630227997815184,0.8505021035712829
HEI,RandomForest,0.06076162187696093,0.052821933124999956,-0.8108682817035338
HEI,GradientBoosting,0.06657938014338372,0.05795972793910814,-1.3610308287332538
HEI,SVR,0.04336298203508207,0.033421385504777704,0.23344019889581827
DC,Ridge,0.012983868050753978,0.010621422182634566,0.8502555843237446
DC,RandomForest,0.06137042875005305,0.05388312499999989,-0.8228780434722196
DC,GradientBoosting,0.06732164636125335,0.058710282755599114,-1.3029446612782738
DC,SVR,0.04336427590529195,0.03342703658986235,0.23424642599659537
