Site,Year,Month,Zn,Cd,Pb,Cu,Ni,Mn,As,Cr,HPI,HEI,DC
S1,2018,winter,5.4,1.0,1.0,6.3,3,5.3,5.0,1.0,0.7316692485705402,3.20308,-5.798
S1,2018,spring,4.8,1.0,1.2,5.4,3,4.7,5.0,1.0,0.7239711415401668,3.1929600000000002,-5.808
S1,2018,summer,5.9,1.0,1.0,4.8,3,1.0,5.0,1.0,0.7325525877613919,3.08718,-5.914
S1,2018,autumn,4.05,1.0,1.0,5.3,6,1.0,5.0,1.0,0.7288641135322186,3.24681,-5.754000000000001
S1,2019,winter,4.0,1.0,1.4,8.6,3,2.3,5.0,1.0,0.7165150029062302,3.2288,-5.772
S1,2019,spring,4.12,1.0,1.0,7.3,3,11.3,5.0,1.0,0.7304662546398301,3.3428240000000002,-5.658000000000001
S1,2019,summer,5.23,1.0,1.0,6.2,3,7.8,5.0,1.1,0.7312215510608321,3.2530460000000003,-5.748
S1,2019,autumn,6.56,1.0,1.0,5.6,3,6.9,5.0,1.0,0.7313745248786818,3.221312,-5.779999999999999
S1,2020,winter,5.52,1.0,1.0,4.8,3,4.5,5.0,1.0,0.731866597169467,3.157104,-5.843999999999999
S1,2020,spring,3.5,1.0,1.0,5.9,3,3.0,5.1,1.0,0.731640936617148,3.1587,-5.8420000000000005
S1,2020,summer,4.68,1.1,1.0,6.3,4,2.2,5.0,1.0,0.7232118091350248,3.2109360000000002,-5.790000000000001
S1,2020,autumn,5.05,1.0,1.0,8.6,3,2.6,5.0,1.0,0.7321362867165007,3.19501,-5.806000000000001
S1,2021,winter,4.33,1.0,1.0,5.4,3,3.1,5.0,1.0,0.732124825193636,3.140866,-5.859999999999999
S1,2021,spring,4.23,1.0,1.3,12.0,3,4.6,5.0,1.0,0.719892303667257,3.332846,-5.667999999999999
S1,2021,summer,6.44,1.0,1.0,6.3,3,6.5,5.0,1.0,0.7314340059205992,3.227288,-5.774000000000001
S1,2021,autumn,5.11,1.0,1.0,8.0,3,7.2,5.0,1.0,0.7312508979710459,3.275022,-5.726000000000001
S2,2018,winter,5.55,1.0,1.0,6.2,3,5.2,5.0,1.0,0.731691546317198,3.19911,-5.802
S2,2018,spring,4.75,1.0,1.1,5.5,3,4.7,5.0,1.0,0.7278884713905298,3.18495,-5.816000000000001
S2,2018,summer,5.85,1.0,1.0,4.9,3,1.3,5.0,1.0,0.7324910857811,3.09517,-5.906000000000001
S2,2018,autumn,4.11,1.0,1.0,5.2,5,1.0,5.0,1.0,0.7300918244501818,3.1948220000000003,-5.806000000000001
S2,2019,winter,4.05,1.0,1.1,8.55,3,2.2,5.0,1.0,0.7282960469187202,3.1958100000000003,-5.805
S2,2019,spring,4.05,1.0,1.0,7.25,3,10.6,5.0,1.0,0.7306048102164127,3.32781,-5.673
S2,2019,summer,5.09,1.0,1.0,6.1,3,8.2,5.0,1.1,0.7311458593915746,3.259018,-5.742
S2,2019,autumn,6.45,1.0,1.0,5.5,3,6.9,5.0,1.0,0.7313772326606198,3.21929,-5.782
S2,2020,winter,5.44,1.0,1.0,4.9,3,4.4,6.0,1.0,0.7269834577920762,3.257088,-5.7440000000000015
S2,2020,spring,3.35,1.0,1.0,5.8,3,3.0,5.0,1.0,0.7321336498871301,3.1466700000000003,-5.854000000000001
S2,2020,summer,4.56,1.0,1.0,6.2,4,2.3,5.0,1.0,0.7310349798726666,3.190912,-5.8100000000000005
S2,2020,autumn,5.05,1.0,1.0,8.55,3,2.5,5.0,1.0,0.7321572386082537,3.1920100000000002,-5.808999999999999
S2,2021,winter,4.23,1.1,1.0,5.35,3,3.05,5.0,1.0,0.7242959182065181,3.158846,-5.8420000000000005
S2,2021,spring,4.11,1.0,1.2,11.5,3,4.5,5.0,1.0,0.7238454572378648,3.310822,-5.6899999999999995
S2,2021,summer,6.39,1.0,1.0,6.45,3,6.5,5.2,1.0,0.7304499448356966,3.2502780000000002,-5.751000000000001
S2,2021,autumn,4.96,1.0,1.0,8.1,3,7.15,5.0,1.0,0.7312580004595899,3.275992,-5.725
